<?xml version="1.0" encoding="UTF-8"?>
<project-private xmlns="http://www.netbeans.org/ns/project-private/1">
    <editor-bookmarks xmlns="http://www.netbeans.org/ns/editor-bookmarks/2" lastBookmarkId="0"/>
    <open-files xmlns="http://www.netbeans.org/ns/projectui-open-files/2">
        <group>
            <file>file:/C:/xampp/htdocs/ciapp/application/models/admin/FeaturesModel.php</file>
            <file>file:/C:/xampp/htdocs/ciapp/application/views/admin/admin_homeview.php</file>
            <file>file:/C:/xampp/htdocs/ciapp/application/views/admin/add_features_view.php</file>
            <file>file:/C:/xampp/htdocs/ciapp/application/controllers/admin/Features.php</file>
            <file>file:/C:/xampp/htdocs/ciapp/application/views/editview.php</file>
            <file>file:/C:/xampp/htdocs/ciapp/application/controllers/admin/Users.php</file>
            <file>file:/C:/xampp/htdocs/ciapp/application/controllers/admin/Slider.php</file>
            <file>file:/C:/xampp/htdocs/ciapp/application/language/telugu/labels_lang.php</file>
            <file>file:/C:/xampp/htdocs/ciapp/application/views/admin/view_all_sliders_view.php</file>
            <file>file:/C:/xampp/htdocs/ciapp/application/views/uploadview.php</file>
            <file>file:/C:/xampp/htdocs/ciapp/application/views/footer.php</file>
            <file>file:/C:/xampp/htdocs/ciapp/application/views/registerview.php</file>
            <file>file:/C:/xampp/htdocs/ciapp/assets/css/main.css</file>
            <file>file:/C:/xampp/htdocs/ciapp/application/language/hindi/labels_lang.php</file>
            <file>file:/C:/xampp/htdocs/ciapp/application/models/admin/SliderModel.php</file>
            <file>file:/C:/xampp/htdocs/ciapp/application/views/homeView.php</file>
            <file>file:/C:/xampp/htdocs/ciapp/application/config/admin.php</file>
            <file>file:/C:/xampp/htdocs/ciapp/application/views/admin/admin_sidebar.php</file>
            <file>file:/C:/xampp/htdocs/ciapp/application/views/admin/edit_slider_view.php</file>
            <file>file:/C:/xampp/htdocs/ciapp/application/language/english/labels_lang.php</file>
            <file>file:/C:/xampp/htdocs/ciapp/application/controllers/Login.php</file>
            <file>file:/C:/xampp/htdocs/ciapp/application/views/userview.php</file>
            <file>file:/C:/xampp/htdocs/ciapp/application/views/loginview.php</file>
            <file>file:/C:/xampp/htdocs/ciapp/application/views/admin/add_slider_view.php</file>
            <file>file:/C:/xampp/htdocs/ciapp/application/controllers/Home.php</file>
            <file>file:/C:/xampp/htdocs/ciapp/application/controllers/Register.php</file>
            <file>file:/C:/xampp/htdocs/ciapp/application/views/admin/view_features_view.php</file>
            <file>file:/C:/xampp/htdocs/ciapp/application/views/admin/admin_header.php</file>
            <file>file:/C:/xampp/htdocs/ciapp/application/views/admin/admin_footer.php</file>
            <file>file:/C:/xampp/htdocs/ciapp/application/controllers/Test.php</file>
            <file>file:/C:/xampp/htdocs/ciapp/application/models/admin/AdminUserModel.php</file>
            <file>file:/C:/xampp/htdocs/ciapp/application/views/header.php</file>
            <file>file:/C:/xampp/htdocs/ciapp/application/views/admin/admin_usersview.php</file>
            <file>file:/C:/xampp/htdocs/ciapp/application/models/admin/AdminLoginModel.php</file>
            <file>file:/C:/xampp/htdocs/ciapp/application/views/blog_template.php</file>
            <file>file:/C:/xampp/htdocs/ciapp/application/views/changepwdview.php</file>
            <file>file:/C:/xampp/htdocs/ciapp/application/controllers/admin/Home.php</file>
        </group>
    </open-files>
</project-private>
